transaction_id,customer_id,seller_id,event_time,event_time_str,account_age_days,previous_claims_count,claim_amount,refund_amount,hour_of_day,day_of_week,is_weekend,claim_type,claim_reason,payment_method,device_type,browser,region,state_code,chargebacks_count,disputes_count,repeat_fraud_attempts,resolution_time_hours,investigator_id,fraud_probability_score,fraud_flag,investigation_outcome,refund_issued,partial_refund_flag,customer_claim_frequency_90d,seller_claim_frequency_90d,ip_address,device_id_hash,browser_language,geo_risk_score,anomaly_indicator,days_since_last_claim,is_prime_customer
T900093762,C1043513,S2009879,2024-06-01 20:44:16,2024-06-01 20:44:16,522,1,37.22,0.0,20,5,1,OP,damaged,net_banking,Desktop,Chrome,US,OH,0,0,0,54.58,INV3368,0.1146,0,approved,0,0,2,3,3.92.143.90,dev_zpezntjgbo,fr-FR,0.113,0,6.0,TRUE
T900051974,C1054008,S2004325,2024-05-15 11:04:50,2024-05-15 11:04:50,271,2,39.86,12.86,11,2,0,SAFE-T,not_as_described,upi,Desktop,Chrome,IN,KA,0,1,0,19.27,INV3147,0.2578,1,approved,1,1,2,1,20.85.165.189,dev_qyee9lxicz,en-US,0.035,0,7.2,TRUE
T900143059,C1033985,S2005726,2023-12-01 15:03:37,2023-12-01 15:03:37,755,1,370.88,213.03,15,4,0,OTC,wrong_item,upi,Mobile,Chrome,IN,DL,0,0,1,19.65,INV3333,0.0673,0,approved,1,1,1,1,20.254.195.250,dev_fomt68xyzi,ar-AE,0.441,1,7.0,TRUE
T900126823,C1022673,S2011989,2024-05-25 12:46:31,2024-05-25 12:46:31,227,1,90.42,56.44,12,5,1,SAFE-T,counterfeit,card,Desktop,Chrome,IN,GJ,0,1,0,14.0,INV3373,0.3779,0,approved,1,1,1,1,151.143.67.84,dev_gdak95hovj,en-IN,0.278,0,19.0,No
T900158618,C1043189,S2010626,2024-01-21 00:25:13,21/01/2024 00:25,245,1,82.56,70.75,0,6,1,SAFE-T,empty_box,cod,Mobile,Chrome,IN,MH,0,0,1,34.01,INV3162,0.3098,0,approved,1,1,1,2,241.12.17.49,dev_nj2cp5dzcv,en-US,0.449,1,13.9,FALSE
T900085081,C1032732,S2006997,2023-10-08 09:45:52,2023-10-08 09:45:52,300,15,48.21,10.56,9,6,1,SAFE-T,damaged,card,Desktop,Chrome,US,NC,0,0,0,5.51,INV3157,0.2716,0,approved,1,1,16,1,90.181.91.192,dev_u500ik2m1s,en-US,0.058,0,6.7,FALSE
T900184899,C1019127,S2002629,2024-01-24 22:22:34,2024-01-24 22:22:34,673,1,50.83,0.0,22,2,0,SAFE-T,damaged,gift_card,Mobile,Chrome,US,OH,0,1,0,22.23,INV3002,0.2647,0,approved,0,0,1,1,178.76.147.225,dev_8jqhj0geok,en-US,0.101,0,3.7,FALSE
T900180540,C1028700,S2006039,2023-09-26 18:19:39,2023-09-26 18:19:39,183,0,120.38,31.38,18,1,0,OTC,counterfeit,card,Mobile,Firefox,IN,MH,0,0,0,9.45,INV3256,0.197,1,denied,0,0,0,1,45.43.184.104,dev_yj9z7jesl9,en-IN,0.178,0,32.8,TRUE
T900024110,C1029424,S2010560,2023-07-04 16:45:05,2023-07-04 16:45:05,268,10,50.42,38.27,16,1,0,OP,not_as_described,card,Desktop,Chrome,US,FL,0,1,0,14.8,INV3297,0.1517,0,approved,1,1,10,2,151.213.228.47,dev_3wjj0ttkb3,fr-FR,0.0,0,5.9,FALSE
T900128034,C1015468,S2002394,2023-07-02 17:04:37,2023-07-02 17:04:37,366,0,44.48,42.2,17,6,1,OTC,not_as_described,upi,Desktop,Firefox,AE,MH,0,0,0,27.97,INV3225,0.0198,0,approved,1,1,1,1,112.55.248.248,dev_3eys8bored,en-US,0.602,0,10.6,FALSE
T900050988,C1006137,S2009605,2024-06-17 11:33:33,2024-06-17 11:33:33,288,0,107.07,0.0,11,0,0,SAFE-T,counterfeit,card,Mobile,Chrome,UK,,0,1,0,7.13,INV3351,0.293,0,approved,0,0,0,0,227.24.124.237,dev_6wgti5u5xd,en-US,0.269,0,0.8,FALSE
T900100204,C1058927,S2003770,2023-09-20 21:37:42,2023-09-20 21:37:42,656,1,117.11,71.97,21,2,0,OP,not_as_described,cod,Mobile,Chrome,IN,TS,0,0,0,30.28,INV3343,0.1739,1,denied,0,0,2,2,35.236.157.189,dev_145d6pxse6,fr-FR,0.1,0,27.0,TRUE
T900129693,C1037187,S2003959,2023-05-03 14:04:14,2023-05-03 14:04:14,221,1,170.51,149.73,14,2,0,OTC,wrong_item,cod,Mobile,Chrome,US,NY,0,0,0,20.67,INV3329,0.1086,0,approved,1,1,1,1,102.142.90.48,dev_7rlrzq2qgi,en-IN,0.242,0,1.3,FALSE
T900099866,C1055651,S2004235,2024-05-27 13:50:01,2024-05-27 13:50:01,428,2,178.8,114.05,13,0,0,OTC,cointerfeit,wallet,Desktop,Chrome,IN,TN,1,0,0,34.15,INV3072,0.2257,1,approved,1,1,2,1,120.81.9.253,dev_k7loqzvpp0,en-IN,0.242,0,11.8,TRUE
T900169136,C1059183,S2000114,2023-03-19 13:42:43,2023-03-19 13:42:43,375,9,90.3,0.0,13,6,1,SAFE-T,not_as_described,wallet,Mobile,Chrome,FR,DL,0,1,1,11.02,INV3275,0.3153,0,approved,0,0,9,1,112.76.28.228,dev_3322w46jua,en-IN,0.325,1,0.9,FALSE
T900116303,C1056876,S2005292,2023-01-25 12:15:38,2023-01-25 12:15:38,261,0,53.63,10.13,12,2,0,OTC,return_abuse,nan,Desktop,Chrome,UK,NY,0,0,0,81.77,INV3255,0.1223,1,denied,0,0,1,0,97.60.45.21,dev_ltc2tnahny,en-US,0.125,0,105.6,FALSE
T900166233,C1024752,S2006079,2023-05-28 16:22:50,28/05/2023 16:22,165,0,56.18,33.97,16,6,1,OP,counterfeit,upi,Mobile,Chrome,IN,,0,0,0,33.91,INV3313,0.1667,0,approved,1,1,0,1,155.214.29.29,dev_fi9u9kau1f,en-US,0.322,0,52.1,FALSE
T900076237,C1023655,S2002219,2024-04-08 02:07:24,"Apr 08, 2024 02:07 AM",386,0,81.71,73.18,2,0,0,OTC,wrong_item,card,Desktop,Safari,US,CA,0,0,0,10.76,INV3308,0.0435,0,approved,1,1,0,1,22.173.62.148,dev_apapw1dusj,en-IN,0.521,0,28.6,FALSE
T900095652,C1027280,S2008292,2024-02-08 19:27:17,2024-02-08 19:27:17,545,1,130.98,83.26,19,3,0,SAFE-T,wrong_item,wallet,Mobile,Firefox,US,GA,0,0,0,31.74,INV3381,0.2207,0,approved,1,1,1,1,17.45.66.164,dev_4dmu7arblk,en-US,0.164,0,30.1,FALSE
T900115344,C1049859,S2009609,2023-05-26 21:58:09,2023-05-26 21:58:09,689,0,80.55,0.0,21,4,0,SAFE-T,item_not_received,wallet,MOBILE,Firefox,US,NY,0,1,0,4.74,INV3398,0.3531,0,approved,0,0,0,2,93.242.222.136,dev_n1rqd7enbl,en-US,0.162,0,135.8,FALSE
T900069913,C1010110,S2010415,2023-12-31 14:44:56,2023-12-31 14:44:56,257,0,147.29,132.09,14,6,1,SAFE-T,damaged,upi,Mobile,Chrome,IN,DL,0,0,0,29.34,INV3021,0.2839,1,denied,0,0,0,3,99.103.148.37,dev_3ybnv66t38,en-US,0.449,0,7.2,TRUE
T900095636,C1001654,S2007748,2024-06-19 18:23:57,19/06/2024 18:23,495,0,54.98,0.0,18,2,0,OP,empty_box,upi,Desktop,Safari,CA,TS,0,0,0,3.55,INV3102,0.0403,1,approved,0,0,1,0,253.120.142.188,dev_o919gc9kvt,en-IN,0.059,0,71.6,TRUE
T900074096,C1043992,S2005899,2023-07-22 19:59:30,2023-07-22 19:59:30,484,1,831.39,502.73,19,5,1,OTC,return_abuse,net_banking,Desktop,Firefox,US,OH,1,0,0,46.91,INV3380,0.1831,0,approved,1,1,1,1,27.38.44.29,dev_ll1du5qrt5,en-US,0.145,0,5.1,TRUE
T900112052,C1011418,S2008022,2023-09-05 16:32:25,2023-09-05 16:32:25,356,1,171.83,118.26,16,1,0,OTC,wrong_item,upi,Desktop,Edge,IN,GJ,0,0,1,9.32,INV3221,0.0728,0,approved,1,1,1,3,192.76.190.38,dev_hl9gt6gxjx,en-US,0.0,1,16.3,FALSE
T900060180,C1022342,S2009108,2023-10-07 02:58:05,"Oct 07, 2023 02:58 AM",859,0,194.85,186.15,2,5,1,SAFE-T,payment_issue,card,Desktop,Safari,DE,,0,1,0,12.19,INV3029,0.2655,0,approved,1,0,0,0,16.31.36.13,dev_p6srarsugt,en-IN,0.158,0,25.2,FALSE
T900069160,C1020746,S2006894,2024-06-22 18:08:18,2024-06-22 18:08:18,373,0,65.34,0.0,18,5,1,SAFE-T,wrong_item,card,Mobile,Chrome,US,WA,0,0,0,29.04,INV3278,0.2465,0,approved,0,0,0,3,78.57.82.158,dev_3spbsltq9m,en-IN,0.0,0,60.8,FALSE
T900198396,C1031595,S2001872,2023-10-28 07:20:59,"Oct 28, 2023 07:20 AM",377,1,120.05,47.33,7,5,1,OP,payment_issue,wallet,Desktop,Chrome,AE,,0,1,0,23.07,INV3175,0.0594,0,approved,1,1,1,1,199.52.121.208,dev_f68gm0psv5,en-US,0.362,0,7.4,No
T900068566,C1054471,S2004220,2024-01-21 08:00:19,2024-01-21 08:00:19,510,0,37.42,16.24,8,6,1,SAFE-T,empty_box,net_banking,Desktop,Chrome,JP,WA,0,0,0,6.0,,0.256,0,approved,1,1,0,1,172.224.193.209,dev_oale8m6oy0,en-US,0.062,0,20.7,FALSE
T900082114,C1036452,S2000248,2023-05-26 04:37:18,2023-05-26 04:37:18,238,7,41.27,8.04,4,4,0,SAFE-T,item_not_received,upi,Mobile,Chrome,US,WA,0,1,1,8.76,INV3070,0.4047,1,denied,0,0,7,1,104.205.177.234,dev_9aurrx6yer,en-IN,0.26,1,13.9,FALSE
T900013262,C1042029,S2011029,2023-02-14 14:17:27,2023-02-14 14:17:27,330,1,67.0,0.0,14,1,0,OP,damaged,card,Mobile,Chrome,US,NC,0,0,0,32.75,INV3311,0.0905,0,approved,0,0,1,2,192.186.127.179,dev_2t1nuqxc5o,de-DE,0.213,0,22.9,TRUE
T900054974,C1003098,S2003322,2023-07-21 12:14:04,2023-07-21 12:14:04,511,1,189.06,80.85,12,4,0,SAFE-T,return_abuse,net_banking,Desktop,Safari,US,NY,0,1,0,20.42,INV3121,0.32,1,denied,0,0,1,1,45.96.30.61,dev_p47z2cac90,ja-JP,0.205,0,5.2,FALSE
T900130304,C1050146,S2002777,2023-02-08 19:33:20,2023-02-08 19:33:20,470,1,65.8,0.0,19,2,0,SAFE-T,empty_box,upi,Mobile,Safari,CA,,0,0,0,10.5,INV3192,0.2123,0,approved,0,0,1,0,221.103.10.140,dev_sawadunthq,en-IN,0.149,0,11.1,TRUE
T900136229,C1018061,S2000486,2024-02-23 13:43:50,2024-02-23 13:43:50,610,0,65.01,52.56,13,4,0,SAFE-T,not_as_described,card,Tablet,Chrome,US,PA,0,0,0,8.48,INV3167,0.1896,0,approved,1,1,1,2,19.252.77.61,dev_ov2gdwqjsw,en-US,0.021,0,0.7,FALSE
T900090445,C1005991,S2009055,2024-05-25 08:11:41,2024-05-25 08:11:41,686,0,104.42,68.68,8,5,1,SAFE-T,wrong_item,upi,Mobile,,US,WA,1,1,0,13.55,INV3227,0.3056,0,approved,1,1,1,1,207.228.56.168,dev_wlw9og7ajg,en-US,0.014,0,57.2,TRUE
T900065278,C1002792,S2011796,2023-06-15 11:07:55,15/06/2023 11:07,435,0,154.94,40.97,11,3,0,OTC,counterfeit,net_banking,Desktop,Chrome,IN,DL,0,0,0,6.65,INV3202,0.1251,1,approved,1,1,0,2,129.181.144.64,dev_6gafksitxa,en-US,0.296,0,25.0,FALSE
T900146120,C1026533,S2000676,2023-04-27 18:42:03,2023-04-27 18:42:03,548,1,49.29,0.0,18,3,0,SAFE-T,empty_box,wallet,Mobile,Chrome,IN,TN,0,0,0,7.69,INV3363,0.2817,1,denied,0,0,1,2,191.9.59.58,dev_obop4r2e7r,en-IN,0.202,0,33.7,FALSE
T900098014,C1033361,S2002155,2024-02-02 17:26:13,2024-02-02 17:26:13,400,0,66.57,57.0,17,4,0,OP,not_as_described,upi,Mobile,Firefox,US,FL,0,0,0,11.4,INV3249,0.1303,0,approved,1,1,0,1,38.107.205.89,dev_a8rt2vzg9d,en-IN,0.162,0,29.0,FALSE
T900105345,C1022214,S2006206,2023-05-27 16:01:25,27/05/2023 16:01,415,0,76.95,62.74,16,5,1,OTC,counterfeit,wallet,Mobile,Chrome,IN,GJ,0,0,0,15.19,INV3009,0.2008,1,denied,0,0,0,1,48.96.207.88,dev_ygd8m8ccdk,de-DE,0.0,0,20.8,TRUE
T900084198,C1033995,S2000254,2024-01-10 22:23:22,"Jan 10, 2024 10:23 PM",371,0,179.21,82.5,22,2,0,SAFE-T,wrong_item,gift_card,Mobile,Chrome,DE,,0,1,0,20.55,INV3235,0.2927,0,approved,1,1,0,1,197.164.116.185,dev_msas25p2ju,en-US,0.272,0,100.8,FALSE
T900013183,C1011672,S2007985,2024-01-06 17:30:15,"Jan 06, 2024 05:30 PM",168,1,111.04,0.0,17,5,1,SAFE-T,return_abuse,upi,Desktop,Chrome,JP,,0,0,0,13.58,INV3085,0.3561,0,approved,0,0,1,2,4.45.48.138,dev_n4uxt4cxal,en-US,0.225,0,66.1,FALSE
T900036521,C1024231,S2009452,2023-08-24 18:30:21,"Aug 24, 2023 06:30 PM",558,1,39.78,28.68,18,3,0,OP,late_delivery,upi,Desktop,Safari,IN,UP,1,0,0,17.43,INV3117,0.0496,0,approved,1,1,1,1,149.34.146.205,dev_ojjjyptkz4,en-IN,0.187,0,0.4,TRUE
T900052250,C1058984,S2007911,2024-01-03 16:32:39,2024-01-03 16:32:39,273,1,70.05,52.46,16,2,0,OP,nan,card,Mobile,Chrome,IN,KL,0,0,0,30.62,INV3072,0.0331,0,approved,1,1,1,2,158.137.7.59,dev_a577ikxjpt,en-IN,0.174,0,13.3,TRUE
T900097384,C1010685,S2006195,2023-01-05 23:26:18,2023-01-05 23:26:18,480,1,54.82,0.0,23,3,0,SAFE-T,damaged,cod,Desktop,Firefox,IN,WB,0,0,0,12.25,INV3087,0.2521,0,approved,0,0,1,3,106.251.183.39,dev_5ekstsy5nk,en-IN,0.162,0,34.2,TRUE
T900191593,C1046774,S2010617,2023-04-19 01:35:32,19/04/2023 01:35,478,1,49.0,17.15,1,2,0,OP,return_abuse,cod,Mobile,Opera,US,TX,0,0,0,11.12,INV3066,0.2592,0,approved,1,1,3,1,39.47.128.5,dev_uk0xihtnxr,en-GB,0.514,0,0.2,FALSE
T900164247,C1038003,S2007640,2024-03-11 09:06:20,"Mar 11, 2024 09:06 AM",610,1,125.73,112.79,9,0,0,OP,not_as_described,card,Mobile,Chrome,UK,,0,0,0,4.54,INV3003,0.0959,0,approved,1,1,1,0,253.238.202.181,dev_fmrimdqx7z,en-GB,0.072,0,17.4,FALSE
T900129735,C1018498,S2005133,2023-07-04 14:09:18,"Jul 04, 2023 02:09 PM",360,0,31.66,24.81,14,1,0,SAFE-T,damaged,gift_card,Desktop,Edge,US,PA,0,0,0,13.91,INV3176,0.2316,0,approved,1,1,1,2,101.116.34.16,dev_mdwguxlug7,en-US,0.353,0,12.2,FALSE
T900005989,C1042215,S2004355,2024-02-13 18:02:08,"Feb 13, 2024 06:02 PM",482,1,123.75,64.11,18,1,0,OTC,empty_box,card,Mobile,Chrome,US,NC,0,2,0,11.26,INV3376,0.0745,0,approved,1,1,1,1,212.68.35.114,dev_pml4338ysi,en-US,0.157,0,17.7,FALSE
T900061801,C1018013,S2001290,2023-05-05 08:09:19,2023-05-05 08:09:19,325,3,71.1,31.96,8,4,0,OTC,return_abuse,nan,Mobile,Chrome,US,PA,0,0,1,19.97,INV3115,0.2047,0,approved,1,1,3,3,4.178.29.236,dev_uwhw8qfhix,en-IN,0.199,1,0.3,FALSE
T900138404,C1005606,S2011551,2023-09-14 14:16:32,14/09/2023 14:16,401,2,133.51,102.43,14,3,0,OTC,damaged,card,Mobile,Chrome,UK,,0,0,0,5.56,INV3193,0.0974,0,approved,1,1,2,0,73.233.214.15,dev_ewamoniga0,ja-JP,0.066,0,15.9,TRUE
T900093519,C1015542,S2003576,2024-04-07 05:33:43,2024-04-07 05:33:43,392,1,50.33,21.79,5,6,1,SAFE-T,item_not_received,cod,Mobile,Firefox,IN,KA,0,0,0,28.86,INV3226,0.4235,0,approved,1,1,2,1,209.113.36.54,dev_oom5ekezw1,en-IN,0.261,0,8.0,FALSE
T900017029,C1012569,S2010744,2023-10-20 10:33:15,"Oct 20, 2023 10:33 AM",635,3,67.81,48.71,10,4,0,OTC,return_abuse,upi,Desktop,Chrome,IN,KL,0,1,1,16.33,INV3389,0.1845,0,approved,1,1,3,2,28.17.163.94,dev_abu9ryh0hs,ar-AE,0.174,1,3.8,FALSE
T900163435,C1055139,S2004657,2023-09-11 17:30:57,11/09/2023 17:30,329,2,197.9,0.0,17,0,0,OP,payment_issue,card,Desktop,Chrome,US,TX,0,0,0,11.85,INV3006,0.0537,0,approved,0,0,2,1,247.189.168.4,dev_31s0ojf57z,en-US,0.129,1,0.8,TRUE
T900127485,C1014413,S2001945,2023-04-02 06:18:23,02/04/2023 06:18,229,0,37.03,31.62,6,6,1,OTC,payment_issue,card,Mobile,Chrome,DE,TN,0,1,0,24.15,INV3273,0.0843,0,approved,1,1,0,0,33.16.254.159,dev_fq5960r6px,en-GB,0.297,0,9.7,TRUE
T900158508,C1049679,S2002730,2023-04-17 14:38:22,17/04/2023 14:38,372,1,83.74,34.56,14,0,0,SAFE-T,item_not_received,wallet,Mobile,Chrome,US,PA,0,0,1,16.45,INV3354,0.3199,1,denied,0,0,1,1,215.229.251.49,dev_0d63hu8d3i,en-IN,0.313,1,84.7,FALSE
T900063108,C1048099,S2005455,2023-10-23 15:07:48,"Oct 23, 2023 03:07 PM",298,1,47.83,19.48,15,0,0,OP,payment_issue,upi,Desktop,Safari,US,WA,1,0,0,21.79,INV3344,0.0595,0,approved,1,1,1,1,185.104.198.154,dev_3n2yq263k4,en-US,0.116,0,4.1,FALSE
T900142259,C1038205,S2007654,2024-03-29 11:20:47,"Mar 29, 2024 11:20 AM",875,0,23.61,18.07,11,4,0,OTC,late_delivery,uti,Desktop,Chrome,IN,RJ,0,1,0,16.51,INV3151,0.052,1,denied,0,0,0,3,184.195.91.102,dev_6xsj3dasd2,en-US,0.187,0,7.0,TRUE
T900043256,C1052434,S2005541,2024-05-02 16:07:45,"May 02, 2024 04:07 PM",320,0,37.45,41.59,16,3,0,OTC,empty_box,card,Mobile,Chrome,IN,GJ,0,0,0,21.93,INV3037,0.0919,0,approved,1,0,1,1,30.197.153.135,dev_wrli6vz6w2,fr-FR,0.068,0,33.0,FALSE
T900082472,C1052253,S2010281,2023-01-02 10:18:42,"Jan 02, 2023 10:18 AM",619,0,75.77,68.2,10,0,0,SAFE-T,not_as_described,wallet,Mobile,Chrome,US,TX,0,1,0,9.87,INV3345,0.2383,0,approved,1,1,1,2,142.178.80.131,dev_beovapszja,en-IN,0.321,0,58.6,TRUE
T900108851,C1014093,S2002394,2023-04-14 14:05:26,2023-04-14 14:05:26,314,0,111.18,43.05,14,4,0,OTC,counterfeit,card,Mobile,Chrome,IN,KA,0,0,0,61.11,INV3082,0.1831,0,approved,1,1,0,2,69.72.191.28,dev_1paddi50g3,en-US,0.183,0,33.5,Yes
T900159234,C1041678,S2000414,2023-03-20 13:12:15,20/03/2023 13:12,611,2,213.72,0.0,13,0,0,OTC,empty_box,wallet,Mobile,Safari,DE,,0,0,0,19.62,INV3012,0.0736,0,approved,0,0,2,1,81.50.140.99,dev_moev4tgzqz,en-US,0.185,1,20.9,FALSE
T900066506,C1036497,S2001327,2023-08-29 20:34:41,2023-08-29 20:34:41,320,2,145.2,90.31,20,1,0,SAFE-T,return_abuse,card,Desktop,Safari,IN,KL,0,0,0,19.25,INV3049,0.3716,1,denied,0,0,2,1,225.151.249.247,dev_7vk932ksdw,en-US,0.065,0,1.5,TRUE
T900138627,C1033626,S2002462,2024-06-18 16:14:41,2024-06-18 16:14:41,618,0,51.99,0.0,16,1,0,SAFE-T,counterfeit,card,Mobile,Chrome,CA,,0,0,0,12.09,INV3346,0.286,1,approved,0,0,0,0,193.64.82.187,dev_byplais7dr,en-IN,0.006,0,97.9,FALSE
T900121647,C1033595,S2008364,2023-11-02 18:53:54,,581,0,32.89,17.39,18,3,0,OP,not_as_described,card,Mobile,Chrome,US,TX,0,0,0,8.4,INV3266,0.0839,1,denied,0,0,0,2,25.102.215.155,dev_dij499vngy,en-US,0.306,0,24.0,FALSE
T900102238,C1039388,S2002571,2023-02-14 17:10:26,"Feb 14, 2023 05:10 PM",478,2,60.27,48.89,17,1,0,SAFE-T,payment_issue,cod,Mobile,Chrome,US,NY,0,0,0,16.66,INV3256,0.2778,0,approved,1,1,2,2,147.128.216.105,dev_rjltwbxl5j,ja-JP,0.269,0,8.2,FALSE
T900044523,C1034493,S2008789,2023-08-22 16:32:06,2023-08-22 16:32:06,270,1,30.26,19.67,16,1,0,SAFE-T,late_delivery,cod,Mobile,Edge,AU,,0,1,1,5.03,,0.3055,0,approved,1,1,3,1,106.157.8.15,dev_tue49oyn1b,ar-AE,0.211,1,49.8,FALSE
T900058559,C1029013,S2000282,2024-03-29 21:06:45,2024-03-29 21:06:45,403,4,150.81,56.27,21,4,0,OTC,item_not_received,wallet,Mobile,Safari,IN,KA,0,0,1,6.87,INV3257,0.1943,0,approved,1,1,4,1,241.179.183.16,dev_k1n0jomcdv,en-IN,0.312,1,1.7,TRUE
T900142344,C1057254,S2004138,2023-04-06 11:45:13,"Apr 06, 2023 11:45 AM",498,1,62.5,0.0,11,3,0,SAFE-T,counterfeit,cod,Desktop,Chrome,DE,,0,0,0,12.51,INV3054,0.4203,0,approved,0,0,1,1,15.59.18.182,dev_5p94rlwv4f,en-US,0.17,0,49.0,TRUE
T900175401,C1002155,S2004035,2023-12-27 15:04:07,"Dec 27, 2023 03:04 PM",704,2,85.59,55.68,15,2,0,SAFE-T,empty_box,card,Desktop,Chrome,SG,,1,0,0,6.57,INV3353,0.2613,1,approved,1,1,3,0,87.40.214.23,dev_ew9ekcudqa,en-IN,0.58,0,9.4,FALSE
T900083490,C1052974,S2002992,2024-01-27 10:13:48,"Jan 27, 2024 10:13 AM",215,0,43.45,30.52,10,5,1,OTC,return_abuse,card,Mobile,Chrome,IN,DL,0,0,0,11.93,INV3070,0.1658,0,approved,1,1,0,1,111.71.233.3,dev_qar5n2h4hu,en-US,0.52,0,63.8,FALSE
T900141283,C1013967,S2004898,2024-06-29 03:44:36,"Jun 29, 2024 03:44 AM",298,1,37.41,24.92,3,5,1,SAFE-T,wrong_item,card,Mobile,Firefox,IN,DL,0,0,0,20.79,INV3246,0.2791,1,denied,0,0,2,1,93.19.83.16,dev_f7cozh6dpq,en-US,0.277,0,64.2,TRUE
T900112944,C1028396,S2011254,2023-10-02 12:50:57,"Oct 02, 2023 12:50 PM",256,0,62.45,15.65,12,0,0,SAFE-T,not_as_described,card,Desktop,Chrome,IN,TS,0,0,0,3.95,INV3230,0.1946,1,denied,0,0,0,1,127.46.93.12,dev_ay3tfu38x9,en-GB,0.165,0,86.6,FALSE
T900149470,C1049627,S2003401,2023-05-24 22:56:46,24/05/2023 22:56,235,0,42.8,30.34,22,2,0,SAFE-T,return_abuse,card,Mobile,Chrome,US,TX,1,0,0,65.52,INV3321,0.2986,0,approved,1,1,0,2,96.129.116.213,dev_p84diypm3a,ar-AE,0.437,0,47.7,TRUE
T900127508,C1025953,S2010166,2023-12-22 05:00:07,2023-12-22 05:00:07,346,0,66.67,50.6,5,4,0,OTC,late_delivery,card,Mobile,Chrome,IN,RJ,0,0,0,6.25,INV3305,0.1354,0,approved,1,1,0,2,168.221.191.86,dev_c590vn1308,en-IN,0.22,0,12.5,FALSE
T900169594,C1023409,S2005754,2023-03-20 07:07:16,2023-03-20 07:07:16,232,0,33.86,0.0,7,0,0,SAFE-T,empty_box,card,Mobile,Chrome,JP,,0,0,0,6.48,INV3333,0.152,0,approved,0,0,0,2,163.235.30.195,dev_kouo7ocq4c,en-IN,0.154,0,70.0,FALSE
T900022540,C1048786,S2009781,2023-09-05 05:10:49,05/09/2023 05:10,183,1,45.79,0.0,5,1,0,SAFE-T,counterfeit,net_banking,Tablet,Chrome,IN,RJ,0,0,0,9.08,INV3341,0.3335,0,approved,0,0,1,2,180.31.92.254,dev_jfx5tx6n8v,de-DE,0.174,0,18.5,TRUE
T900026229,C1048426,S2009068,2024-04-23 14:17:42,2024-04-23 14:17:42,413,0,123.22,97.41,14,1,0,OTC,empty_box,card,Mobile,Chrome,IN,RJ,0,0,0,7.75,INV3350,0.0631,0,approved,1,1,0,2,112.34.143.13,dev_vw26hzgub8,en-IN,0.171,0,5.0,TRUE
T900096302,C1030236,S2010435,2023-04-04 11:05:19,2023-04-04 11:05:19,103,0,125.84,95.67,11,1,0,OTC,not_as_described,nan,MOBILE,Chrome,IN,DL,0,0,0,10.46,INV3244,0.0999,0,approved,1,1,1,2,2.227.30.123,dev_cnljl1r6lq,ar-AE,0.375,0,0.0,TRUE
T900102446,C1023498,S2010737,2023-11-15 11:16:39,15/11/2023 11:16,576,9,137.53,105.66,11,2,0,SAFE-T,return_abuse,upi,Mobile,Chrome,UK,,1,0,1,15.44,INV3311,0.321,0,approved,1,1,9,0,101.60.83.79,dev_llgx2izq0b,en-US,0.218,1,2.5,FALSE
T900031813,C1043517,S2011497,2023-02-12 01:28:53,"Feb 12, 2023 01:28 AM",290,0,79.93,16.95,1,6,1,OP,return_abuse,card,Mobile,Chrome,US,NC,0,1,0,17.15,INV3132,0.1601,0,approved,1,1,0,2,46.187.211.176,dev_dwvmnj5zr8,ja-JP,0.154,0,2.3,TRUE
T900196690,C1018882,S2005849,2023-06-05 04:53:17,,281,0,51.48,29.42,4,0,0,SAFE-T,item_not_received,upi,Desktop,Chrome,US,OH,1,0,0,12.52,INV3011,0.3182,1,denied,0,0,1,2,220.50.197.32,dev_fe6lswy3w3,ar-AE,0.218,0,26.7,TRUE
T900108214,C1005018,S2006782,2023-12-10 07:53:23,2023-12-10 07:53:23,203,0,76.97,76.16,7,6,1,SAFE-T,damaged,upi,Desktop,Chrome,CA,,0,0,0,17.31,INV3310,0.222,0,approved,1,0,1,1,150.80.169.230,dev_y2r68ngp7i,en-US,0.275,0,24.1,TRUE
T900070281,C1048314,S2002312,2023-02-25 10:32:32,2023-02-25 10:32:32,458,0,103.3,63.92,10,5,1,SAFE-T,wrong_item,cod,Tablet,Firefox,US,OH,0,0,0,4.59,INV3162,0.2828,1,denied,0,0,2,1,146.172.3.220,dev_bqbdghrnyg,de-DE,0.327,0,48.5,FALSE
T900106623,C1004412,S2000922,2024-06-18 19:11:50,2024-06-18 19:11:50,131,0,62.68,21.52,19,1,0,SAFE-T,wrong_item,nan,Mobile,Chrome,US,CA,0,0,0,7.28,INV3021,0.2653,0,approved,1,1,0,2,75.87.127.58,dev_1c77m5nzqh,ar-AE,0.647,0,37.2,FALSE
T900134316,C1028929,S2008023,2024-04-06 06:14:48,"Apr 06, 2024 06:14 AM",326,0,21.85,18.72,6,5,1,SAFE-T,payment_issue,cod,Desktop,Chrome,US,WA,0,2,0,14.72,INV3215,0.3147,1,denied,0,0,1,1,239.152.72.67,dev_3xo8mx0crb,en-IN,0.123,0,52.3,FALSE
T900143628,C1019431,S2010119,2023-05-30 21:18:05,2023-05-30 21:18:05,495,0,64.19,17.54,21,1,0,OP,late_delivery,upi,Desktop,Chrome,US,TX,0,0,0,30.86,INV3350,0.0926,0,approved,1,1,0,1,213.21.211.164,dev_w1mcx4oo39,en-IN,0.234,0,75.8,FALSE
T900015422,C1019199,S2010829,2023-07-08 21:02:36,2023-07-08 21:02:36,667,0,92.88,,21,5,1,SAFE-T,wrong_item,card,Mobile,Safari,IN,TS,0,0,0,4.24,INV3054,0.3012,1,denied,0,0,0,1,82.194.82.14,dev_61zqb3xi7s,en-IN,0.199,0,52.1,FALSE
T900102122,C1057613,S2004262,2023-12-11 06:51:30,11/12/2023 06:51,464,0,71.95,0.0,6,0,0,OP,damaged,net_banking,Mobile,Chrome,AE,RJ,0,0,0,24.76,INV3389,0.029,0,approved,0,0,1,0,130.152.235.183,dev_4sl76sm2lx,ar-AE,0.503,0,158.1,TRUE
T900090971,C1039109,S2005159,2024-03-06 05:03:18,06/03/2024 05:03,547,1,527.54,338.57,5,2,0,SAFE-T,damaged,upi,Mobile,Chrome,UK,TX,0,0,0,15.24,INV3331,0.2442,0,approved,1,1,1,0,17.196.17.148,dev_0ikt17fn01,en-US,0.271,0,1.8,FALSE
T900190923,C1051547,S2005489,2024-01-15 17:05:36,2024-01-15 17:05:36,509,1,125.19,63.3,17,0,0,SAFE-T,payment_issue,upi,Mobile,Chrome,JP,,0,1,0,26.5,INV3288,0.1856,0,approved,1,1,1,0,221.196.235.195,dev_xlo2ne8e5r,en-US,0.203,0,6.9,FALSE
T900055995,C1048134,S2008271,2023-08-29 08:25:52,2023-08-29 08:25:52,386,0,74.99,24.51,8,1,0,OTC,return_abuse,net_banking,MOBILE,,CA,,0,0,0,14.44,INV3068,0.1759,0,approved,1,1,1,0,15.31.29.179,dev_81jyizt82v,en-US,0.244,0,29.9,FALSE
T900101526,C1024965,S2009283,2023-02-28 06:20:20,"Feb 28, 2023 06:20 AM",72,1,85.9,72.35,6,1,0,SAFE-T,damaged,card,Mobile,Chrome,AU,,0,0,0,,INV3392,0.2753,1,denied,0,0,1,2,106.17.5.23,dev_ks0o349w8g,en-IN,0.222,0,0.8,FALSE
T900173187,C1009251,S2007351,2023-02-06 19:33:18,"Feb 06, 2023 07:33 PM",637,1,51.09,47.84,19,0,0,SAFE-T,late_delivery,upi,Mobile,Safari,US,PA,0,0,0,55.37,INV3372,0.2227,1,approved,1,1,2,1,47.186.175.184,dev_t3rp7i6edc,ar-AE,0.3,0,0.7,FALSE
T900193668,C1000422,S2009559,2023-10-01 17:43:17,2023-10-01 17:43:17,254,2,261.65,213.89,17,6,1,OP,damaged,upi,Mobile,Chrome,IN,,0,0,1,10.42,INV3089,0.145,0,approved,1,1,2,2,231.41.239.217,dev_s9hnbj6cn8,en-US,0.329,1,5.3,Yes
T900042948,C1036439,S2002947,2023-02-17 19:36:25,17/02/2023 19:36,289,1,130.48,110.7,19,4,0,OTC,item_not_received,cod,Desktop,Chrome,US,FL,0,0,1,21.73,INV3282,0.1512,0,approved,1,1,1,1,140.225.17.65,dev_b14cqbdpk5,ja-JP,0.244,1,9.0,FALSE
T900013870,C1018047,S2008865,2024-05-23 17:30:54,"May 23, 2024 05:30 PM",347,0,50.66,25.65,17,3,0,OTC,empty_box,upi,Desktop,Chrome,AU,,0,1,0,17.47,INV3097,0.1101,0,approved,1,1,0,0,105.97.246.133,dev_uxe0izo5i7,en-IN,0.045,0,1.7,FALSE
T900178848,C1003793,S2008988,2023-12-01 02:51:19,2023-12-01 02:51:19,483,0,180.84,82.91,2,4,0,OP,return_abuse,card,Tablet,Safari,IN,MH,0,1,0,,INV3285,0.1359,0,approved,1,1,0,1,91.14.79.80,dev_mkymwhs325,en-IN,0.311,0,0.6,TRUE
T900100583,C1030215,S2007693,2023-06-17 05:50:46,17/06/2023 05:50,546,0,104.33,90.3,5,5,1,OP,payment_issue,net_banking,Desktop,Chrome,AU,,0,1,0,15.01,INV3163,0.055,0,approved,1,1,0,0,76.5.240.12,dev_yxs02ra4zn,en-US,0.151,0,177.2,TRUE
T900049610,C1000392,S2007753,2024-04-12 01:30:51,2024-04-12 01:30:51,562,1,43.5,32.26,1,4,0,OP,return_abuse,upi,Mobile,Chrome,US,NY,1,1,0,6.76,INV3130,0.2047,1,approved,1,1,1,2,187.42.205.30,dev_4a4c2tc0pw,ja-JP,0.321,0,5.9,FALSE
T900024683,C1021383,S2009036,2023-12-19 05:23:33,19/12/2023 05:23,386,0,66.85,35.09,5,1,0,SAFE-T,late_delivery,card,Mobile,Chrome,US,NC,0,2,0,10.89,INV3185,0.1841,0,approved,1,1,0,1,249.26.150.56,dev_wazb1ov66s,fr-FR,0.151,0,17.6,FALSE
T900095991,C1036347,S2009070,2023-09-12 01:46:55,12/09/2023 01:46,568,0,86.16,66.74,1,1,0,SAFE-T,wrong_item,upi,Desktop,Chrome,AU,UP,0,0,0,2.51,INV3286,0.2153,0,approved,1,1,0,1,252.203.170.76,dev_3bb8jd57x9,en-US,0.036,0,0.4,TRUE
T900189499,C1042936,S2004265,2023-01-27 20:30:35,"Jan 27, 2023 08:30 PM",432,0,40.19,26.62,20,4,0,OP,damaged,card,Mobile,Safari,UK,,0,0,0,5.68,INV3318,0.0421,0,approved,1,1,0,0,56.228.247.237,dev_vvnmbbdoqj,en-US,0.076,0,4.9,FALSE
T900198871,C1029236,S2011014,2024-02-04 03:25:31,"Feb 04, 2024 03:25 AM",490,1,86.33,0.0,3,6,1,OTC,counterfeit,card,Mobile,Chrome,US,GA,0,1,0,18.07,INV3073,0.2268,1,denied,0,0,1,1,178.253.144.205,dev_qem5az8moz,ar-AE,0.265,0,0.6,FALSE
T900081225,C1001360,S2009122,2023-04-27 23:26:01,"Apr 27, 2023 11:26 PM",320,1,32.41,16.16,23,3,0,SAFE-T,wrong_item,upi,Mobile,Chrome,CA,,0,2,0,23.48,INV3150,0.2529,0,approved,1,1,1,0,131.250.5.10,dev_u613bs1x20,en-IN,0.063,0,4.0,FALSE
T900005394,C1018504,S2005828,2024-06-21 08:46:17,2024-06-21 08:46:17,294,0,27.33,21.93,8,4,0,SAFE-T,empty_box,cod,Mobile,Chrome,IN,WB,0,0,0,6.24,INV3267,0.296,0,approved,1,1,0,1,143.57.50.56,dev_mth81av1x1,en-GB,0.331,0,52.3,TRUE
T900012723,C1041065,S2000775,2023-03-20 02:30:20,2023-03-20 02:30:20,198,1,30.17,24.16,2,0,0,OP,counterfeit,upi,Mobile,Safari,AU,DL,0,0,1,13.51,INV3317,0.1297,0,approved,1,1,2,1,34.153.243.236,dev_xlk25c6mnm,en-US,0.079,1,23.5,TRUE
T900162622,C1056484,S2001069,2024-01-10 17:04:21,2024-01-10 17:04:21,280,0,78.39,0.0,17,2,0,SAFE-T,item_not_received,upi,Mobile,Safari,AU,NC,0,0,0,38.82,INV3031,0.3234,1,approved,0,0,1,0,26.177.83.89,dev_9b3ds29fvu,en-IN,0.127,0,64.0,FALSE
T900170984,C1005716,S2006726,2023-06-21 04:38:32,2023-06-21 04:38:32,252,2,45.42,22.72,4,2,0,OTC,item_not_received,cod,Desktop,Chrome,SG,PA,0,0,1,12.42,INV3355,0.2021,0,approved,1,1,3,0,179.157.173.221,dev_4xv0a5wntg,en-IN,0.373,1,1.1,FALSE
T900060004,C1027817,S2008749,2023-12-25 05:39:55,"Dec 25, 2023 05:39 AM",568,0,42.04,43.49,5,0,0,SAFE-T,payment_issue,net_banking,Mobile,Chrome,US,NC,0,0,0,18.35,INV3235,0.2354,0,approved,1,0,0,1,147.130.226.75,dev_575thlfn0t,en-GB,0.167,0,62.4,FALSE
T900123759,C1048657,S2001971,2024-01-13 21:31:33,13/01/2024 21:31,295,1,20.14,4.72,21,5,1,SAFE-T,not_as_described,card,Desktop,Chrome,FR,,0,1,0,4.68,INV3028,0.2314,0,approved,1,1,2,1,253.168.253.115,dev_3pusloj0oo,ar-AE,0.317,0,60.2,FALSE
T900024581,C1042488,S2007727,2024-01-31 02:07:54,31/01/2024 02:07,566,1,191.3,125.68,2,2,0,SAFE-T,empty_box,nan,DESKTOP,Edge,UK,CA,0,0,0,14.18,INV3167,0.3085,0,approved,1,1,1,0,159.181.80.52,dev_yzxv210t6k,en-IN,0.292,0,4.1,TRUE
T900076392,C1000272,S2011254,2023-12-25 18:58:14,2023-12-25 18:58:14,551,0,56.13,25.77,18,0,0,OTC,late_delivery,card,Desktop,Chrome,US,PA,0,0,0,30.9,INV3082,0.026,0,approved,1,1,0,1,86.42.231.111,dev_217lvedzec,fr-FR,0.205,0,9.0,TRUE
T900112145,C1017666,S2005895,2023-08-19 13:55:44,2023-08-19 13:55:44,477,0,34.9,29.96,13,5,1,SAFE-T,item_not_received,upi,Desktop,Chrome,UK,GJ,1,0,0,14.31,INV3174,0.344,0,approved,1,1,0,0,150.220.28.188,dev_hz95thb18x,de-DE,0.167,0,33.8,TRUE
T900151277,C1013041,S2003489,2023-10-07 19:04:13,2023-10-07 19:04:13,421,2,40.65,11.86,19,5,1,OTC,damaged,card,Desktop,Chrome,JP,,0,0,0,28.95,INV3087,0.0602,0,approved,1,1,2,1,117.237.25.207,dev_u4xduskq22,en-GB,0.149,0,0.9,TRUE
T900086055,C1022923,S2011192,2024-02-01 18:40:51,01/02/2024 18:40,439,0,89.83,0.0,18,3,0,OTC,nan,upi,Mobile,Firefox,IN,TS,1,0,0,14.08,INV3277,0.2425,1,approved,0,0,0,2,129.152.117.120,dev_c3ixxftkxx,en-US,0.121,0,9.4,TRUE
T900126541,C1035114,S2007222,2023-09-06 22:33:06,2023-09-06 22:33:06,217,0,120.94,71.62,22,2,0,OTC,item_not_received,upi,Desktop,Chrome,IN,WB,1,0,0,8.76,INV3019,0.1659,0,approved,1,1,0,3,151.24.60.110,dev_l3c5n3ahmd,en-US,0.151,0,42.8,FALSE
T900150156,C1017072,S2006091,2024-02-19 14:00:40,2024-02-19 14:00:40,266,0,70.52,53.94,14,0,0,SAFE-T,damaged,upi,Mobile,Chrome,AU,,0,0,0,28.95,INV3340,0.1689,0,approved,1,1,0,1,243.86.70.151,dev_6a7jc096eq,en-US,0.0,0,42.4,FALSE
T900164748,C1014284,S2006279,2023-12-28 00:15:56,28/12/2023 00:15,444,3,102.93,50.83,0,3,0,OTC,empty_box,wallet,Mobile,Edge,IN,WB,0,0,0,8.94,INV3362,0.158,0,approved,1,1,3,1,254.121.208.252,dev_604s4hr1h2,ja-JP,0.081,0,2.9,TRUE
T900049142,C1004904,S2005125,2023-10-23 03:20:36,23/10/2023 03:20,328,1,55.34,28.8,3,0,0,OP,not_as_described,net_banking,Mobile,Chrome,US,NY,0,1,0,52.09,INV3219,0.094,0,approved,1,1,1,1,220.83.207.34,dev_dvtdmgmw0v,en-IN,0.056,0,36.4,FALSE
T900023605,C1021134,S2008344,2024-05-19 03:04:28,2024-05-19 03:04:28,127,0,57.02,3.05,3,6,1,SAFE-T,return_abuse,card,Desktop,Chrome,US,WA,0,0,0,40.34,INV3292,0.3102,0,approved,1,1,0,2,16.38.162.114,dev_tl9pqysbhi,fr-FR,0.307,0,21.0,FALSE
T900128940,C1005617,S2007474,2023-12-13 03:03:18,2023-12-13 03:03:18,666,1,85.98,0.0,3,2,0,OTC,late_delivery,cod,Desktop,Chrome,UK,,0,0,0,12.3,INV3360,0.0696,0,approved,0,0,1,0,70.201.224.171,dev_y0csy595bw,en-IN,0.182,0,6.1,TRUE
T900118822,C1037583,S2006343,2023-07-16 10:14:48,2023-07-16 10:14:48,269,1,48.56,24.12,10,6,1,OTC,damaged,card,Mobile,Chrome,IN,GJ,0,1,0,19.93,INV3182,0.1254,1,approved,1,1,2,1,238.72.240.46,dev_ncyw628qwz,en-US,0.0,0,27.9,FALSE
T900125990,C1051403,S2010148,2023-06-08 20:55:30,2023-06-08 20:55:30,453,14,128.46,139.56,20,3,0,SAFE-T,late_delivery,upi,Desktop,Firefox,US,IL,0,0,1,10.94,INV3161,0.2711,0,approved,1,0,14,2,100.26.126.11,dev_feq41tk321,en-IN,0.224,1,5.6,FALSE
T900080114,C1016283,S2010465,2023-05-27 16:02:59,"May 27, 2023 04:02 PM",363,2,72.09,63.17,16,5,1,OP,payment_issue,card,Mobile,Edge,US,FL,0,0,0,24.06,INV3195,0.0652,0,approved,1,1,2,1,129.185.242.215,dev_jgcfqtul1z,en-GB,0.105,0,32.6,FALSE
T900049697,C1023045,S2002032,2023-07-25 07:54:41,2023-07-25 07:54:41,361,1,55.16,7.47,7,1,0,OP,not_as_described,upi,Mobile,Chrome,US,OH,0,1,0,18.15,INV3379,0.0585,0,approved,1,1,1,2,64.48.142.146,dev_t0ya3hz6wy,fr-FR,0.249,0,43.3,FALSE
T900175235,C1001138,S2007676,2023-01-25 05:00:42,"Jan 25, 2023 05:00 AM",647,1,63.79,0.0,5,2,0,SAFE-T,payment_issue,upi,Mobile,Chrome,IN,RJ,0,1,1,27.19,INV3351,0.2287,1,denied,0,0,2,2,71.117.96.146,dev_3fpa1nygqj,en-US,0.154,1,1.6,TRUE
T900032538,C1006575,S2002048,2024-02-06 00:03:48,06/02/2024 00:03,678,1,22.76,15.0,0,1,0,SAFE-T,not_as_described,net_banking,Mobile,Firefox,US,TX,0,0,0,10.3,INV3056,0.1998,0,approved,1,1,1,1,219.189.126.208,dev_y3zlnf39ix,en-IN,0.2,0,11.8,TRUE
T900158212,C1004073,S2002643,2023-11-19 02:18:13,19/11/2023 02:18,227,1,66.46,49.2,2,6,1,OP,wrong_item,upi,Mobile,Chrome,US,TX,0,0,0,8.29,INV3025,0.0967,0,approved,1,1,1,1,159.67.33.11,dev_apagpa1x31,en-IN,0.161,0,29.1,FALSE
T900007820,C1013029,S2000686,2024-02-29 15:09:15,29/02/2024 15:09,205,1,18.14,10.4,15,3,0,SAFE-T,not_as_described,upi,Tablet,Safari,US,IL,0,0,0,13.72,INV3001,0.2566,0,approved,1,1,1,1,188.153.201.101,dev_pb7p94tyoc,de-DE,0.254,0,1.0,FALSE
T900110027,C1057931,S2010515,2024-05-02 01:51:12,02/05/2024 01:51,431,13,63.47,27.93,1,3,0,SAFE-T,not_as_described,upi,MOBILE,Edge,AU,WA,0,0,1,9.63,,0.2237,0,approved,1,1,13,1,200.228.45.231,dev_wk6ttgq4y7,en-US,0.039,1,6.7,FALSE
T900038998,C1025327,S2003259,2023-11-27 15:41:50,2023-11-27 15:41:50,705,1,39.64,19.33,15,0,0,SAFE-T,wrong_item,card,Mobile,Chrome,CA,,0,0,1,7.85,INV3120,0.237,1,approved,1,1,2,0,10.108.192.13,dev_w3wgy26b7a,en-US,0.323,1,4.0,TRUE
T900085215,C1023668,S2005542,2023-12-27 11:09:08,2023-12-27 11:09:08,202,1,55.12,0.0,11,2,0,SAFE-T,wrong_item,card,Mobile,Chrome,IN,UP,0,0,0,11.02,INV3032,0.266,0,approved,0,0,1,2,142.119.235.55,dev_c6ntdl1kda,en-US,0.05,0,36.2,TRUE
T900029656,C1030294,S2005541,2023-12-26 21:38:06,2023-12-26 21:38:06,246,0,57.53,0.0,21,1,0,SAFE-T,payment_issue,card,Desktop,Firefox,SG,KA,0,0,0,7.62,INV3310,0.2292,0,approved,0,0,0,1,148.126.173.77,dev_wx84q0zu6v,en-US,0.265,0,6.0,TRUE
T900051163,C1030599,S2001897,2023-08-07 13:38:27,2023-08-07 13:38:27,470,2,101.79,43.24,13,0,0,SAFE-T,return_abuse,upi,Mobile,Chrome,IN,RJ,0,1,0,26.81,INV3177,0.3359,0,approved,1,1,2,1,128.153.179.21,dev_ftpzcd4kla,en-IN,0.018,0,40.1,FALSE
T900100383,C1000595,S2004061,2024-05-24 04:43:43,24/05/2024 04:43,513,1,204.24,112.96,4,4,0,SAFE-T,item_not_received,upi,Desktop,Chrome,US,NY,1,0,0,19.96,INV3399,0.308,0,approved,1,1,2,1,144.218.199.46,dev_nmg58yy1tw,ar-AE,0.2,0,17.9,FALSE
T900097670,C1059091,S2009885,2023-01-12 08:27:01,2023-01-12 08:27:01,283,1,64.83,61.17,8,3,0,OP,wrong_item,card,Mobile,Chrome,IN,DL,0,2,0,8.32,INV3127,0.0703,0,approved,1,1,2,1,198.75.51.139,dev_ot7bjtfeu1,fr-FR,0.265,0,11.5,TRUE
T900071419,C1017779,S2007781,2023-04-04 07:11:14,"Apr 04, 2023 07:11 AM",460,2,46.3,27.73,7,1,0,OTC,payment_issue,gift_card,Mobile,Chrome,IN,RJ,0,1,0,23.98,,0.0856,0,approved,1,1,3,2,215.97.210.6,dev_g91mggddpl,fr-FR,0.055,0,28.0,FALSE
T900028629,C1058642,S2006490,2023-10-12 14:24:27,"Oct 12, 2023 02:24 PM",282,8,37.72,35.77,14,3,0,OP,item_not_received,upi,Mobile,Chrome,IN,TN,0,0,0,11.03,INV3059,0.2023,0,approved,1,1,9,1,93.184.29.100,dev_gjhvr342fn,en-IN,0.002,0,9.2,FALSE
T900182608,C1029866,S2007663,2024-06-09 14:08:39,09/06/2024 14:08,313,2,68.26,37.55,14,6,1,SAFE-T,ot_as_described,upi,Mobile,Chrome,IN,DL,0,0,0,9.69,INV3098,0.2697,0,approved,1,1,3,1,62.253.56.88,dev_6pfwvpu474,en-US,0.388,0,15.1,TRUE
T900011039,C1048893,S2005265,2024-02-16 07:03:55,16/02/2024 07:03,261,0,73.64,63.3,7,4,0,OTC,counterfeit,cod,Mobile,Chrome,UK,WB,1,1,0,20.08,INV3183,0.2213,1,denied,0,0,1,1,150.16.62.107,dev_5xnu9hl3ro,en-IN,0.167,0,116.9,TRUE
T900132810,C1030513,S2005497,2024-04-12 06:26:56,12/04/2024 06:26,351,1,51.21,51.09,6,4,0,OP,damaged,nan,Mobile,Chrome,US,GA,0,0,0,3.12,INV3333,0.0859,0,approved,1,0,1,1,104.240.150.135,dev_n99y6wv5vw,en-US,0.167,0,78.4,FALSE
T900027858,C1017789,S2001779,2023-04-24 11:28:29,"Apr 24, 2023 11:28 AM",411,0,261.92,67.49,11,0,0,SAFE-T,payment_issue,card,Mobile,Safari,US,PA,0,1,0,16.43,INV3396,0.2198,1,approved,1,1,0,1,166.189.170.45,dev_tpevobjxod,en-US,0.183,0,2.0,FALSE
T900003365,C1043950,S2006221,2023-03-19 19:46:21,19/03/2023 19:46,112,0,134.26,34.02,19,6,1,SAFE-T,late_delivery,card,Mobile,Chrome,IN,RJ,0,0,0,13.92,INV3372,0.2062,0,approved,1,1,1,4,107.242.87.115,dev_riry4raww7,en-US,0.172,0,45.6,FALSE
T900093821,C1025940,S2001949,2023-01-02 13:52:51,2023-01-02 13:52:51,249,2,113.07,23.09,13,0,0,OTC,not_as_described,card,Desktop,Chrome,IN,GJ,0,0,0,9.74,INV3353,0.0487,0,approved,1,1,3,1,117.234.181.144,dev_um5eltsbg0,ja-JP,0.322,0,1.5,FALSE
T900172073,C1053663,S2009018,2023-06-18 16:27:19,2023-06-18 16:27:19,536,0,43.51,52.21,16,6,1,SAFE-T,return_abuse,card,Mobile,Chrome,IN,DL,0,0,0,26.55,,0.3929,0,approved,1,0,0,2,84.134.12.40,dev_4udg04oi7j,en-US,0.225,0,19.8,FALSE
T900126783,C1044727,S2000717,2023-07-22 19:21:00,2023-07-22 19:21:00,365,1,55.52,33.66,19,5,1,OTC,empty_box,card,Mobile,Edge,IN,GJ,0,0,0,8.8,INV3086,0.1481,1,denied,0,0,1,1,109.213.56.236,dev_ret6c806wk,en-US,0.289,0,64.7,TRUE
T900074138,C1049648,S2007720,2023-05-06 14:39:36,06/05/2023 14:39,234,2,51.09,19.14,14,5,1,OTC,counterfeit,upi,Mobile,Edge,IN,TN,0,0,0,34.14,INV3194,0.2211,0,approved,1,1,2,2,227.220.139.65,dev_3jstlkly1v,en-IN,0.006,0,10.2,FALSE
T900109482,C1030822,S2008507,2023-12-31 00:23:57,2023-12-31 00:23:57,271,0,81.62,0.0,0,6,1,OP,return_abuse,card,Mobile,Chrome,AE,IL,0,1,0,21.07,INV3055,0.2049,0,approved,0,0,0,1,180.177.223.61,dev_chx62w59bq,en-US,0.263,0,24.0,FALSE
T900061902,C1003230,S2004886,2024-04-30 03:52:00,30/04/2024 03:52,247,1,129.84,0.0,3,1,0,SAFE-T,counterfeit,wallet,Tablet,Safari,US,FL,0,0,0,35.87,INV3249,0.3424,0,approved,0,0,1,1,96.248.229.15,dev_1dk0hdgwfq,ar-AE,0.146,0,16.7,FALSE
T900084835,C1002969,S2011088,2023-05-10 10:41:39,"May 10, 2023 10:41 AM",241,0,71.54,45.55,10,2,0,SAFE-T,empty_box,card,Desktop,Safari,US,PA,0,0,0,4.89,INV3118,0.2355,0,approved,1,1,0,1,182.142.53.65,dev_iv9i52ajyr,ar-AE,0.258,0,16.1,TRUE
T900134107,C1015198,S2005049,2024-05-22 17:49:11,2024-05-22 17:49:11,540,0,90.96,42.35,17,2,0,OP,counterfeit,card,Mobile,Firefox,IN,KA,0,0,0,11.43,INV3144,0.2131,0,approved,1,1,1,1,168.149.228.38,dev_patsisa6ws,en-US,0.066,0,29.6,FALSE
T900042236,C1049170,S2010526,2023-09-13 19:08:03,13/09/2023 19:08,265,1,53.86,33.88,19,2,0,OP,empty_box,wallet,Mobile,Chrome,IN,WB,0,0,0,9.35,INV3162,0.0698,0,approved,1,1,2,1,46.245.220.4,dev_3rnk51guoy,en-GB,0.192,0,33.9,TRUE
T900130385,C1016657,S2005019,2023-11-07 00:01:15,07/11/2023 00:01,416,0,106.97,0.0,0,1,0,OTC,late_delivery,card,Mobile,Safari,IN,MH,0,0,0,53.08,INV3260,0.0915,0,escalated,0,0,0,2,10.69.16.114,dev_yw3bt0hc08,en-US,0.443,0,6.1,TRUE
T900197109,C1037932,S2010000,2023-04-16 09:58:40,2023-04-16 09:58:40,386,0,63.93,26.22,9,6,1,SAFE-T,not_as_described,upi,DESKTOP,Chrome,IN,WB,0,0,0,8.9,INV3179,0.2056,1,approved,1,1,0,1,5.82.115.74,dev_lx8xhp0aa5,ar-AE,0.212,0,181.6,TRUE
T900086618,C1054189,S2010564,2023-08-24 15:45:17,2023-08-24 15:45:17,252,3,111.37,101.8,15,3,0,SAFE-T,not_as_described,upi,Mobile,Chrome,US,NC,0,1,1,52.31,INV3380,0.2765,1,denied,0,0,4,1,137.130.132.166,dev_6o5a5fjbxw,en-US,0.154,1,10.4,TRUE
T900054642,C1047786,S2008521,2024-05-20 06:34:18,20/05/2024 06:34,252,0,132.67,59.55,6,0,0,SAFE-T,damaged,wallet,Mobile,Chrome,AE,RJ,0,0,0,10.19,INV3211,0.2352,1,denied,0,0,2,0,131.6.213.141,dev_835xs6qan3,en-GB,0.132,0,96.0,TRUE
T900153998,C1054670,S2007023,2023-02-26 01:12:29,,294,0,43.94,0.0,1,6,1,SAFE-T,empty_box,upi,Mobile,Safari,CA,,0,0,0,36.69,INV3274,0.2375,1,approved,0,0,1,2,209.164.204.27,dev_cu15prwu6n,en-US,0.039,0,52.3,TRUE
T900065075,C1021281,S2009792,2024-06-15 20:47:36,2024-06-15 20:47:36,409,2,78.76,42.67,20,5,1,OP,counterfeit,card,Desktop,Chrome,CA,,0,3,1,28.66,INV3005,0.2338,0,approved,1,1,2,0,10.152.82.58,dev_jk9ojg3s5f,fr-FR,0.0,1,39.6,TRUE
T900187230,C1030343,S2007191,2023-12-27 08:27:48,27/12/2023 08:27,342,0,65.09,60.34,8,2,0,OTC,empty_box,cod,Desktop,Edge,IN,KL,0,0,0,7.54,INV3395,0.0716,0,approved,1,1,0,1,101.121.44.164,dev_es4f6sex9m,ar-AE,0.377,0,43.6,FALSE
T900138337,C1021090,S2006200,2023-11-03 01:35:23,"Nov 03, 2023 01:35 AM",252,1,146.6,115.48,1,4,0,SAFE-T,damaged,card,Mobile,Chrome,IN,TS,0,1,0,37.8,INV3132,0.2256,1,denied,0,0,1,1,243.78.135.33,dev_malcu6u1bz,ar-AE,0.202,0,23.5,TRUE
T900168163,C1029997,S2001521,2024-03-26 15:53:17,"Mar 26, 2024 03:53 PM",506,1,149.37,52.17,15,1,0,OP,payment_issue,card,Mobile,Chrome,IN,RJ,0,1,0,14.77,INV3252,0.0483,0,approved,1,1,1,2,110.186.21.249,dev_saep5l0rr4,fr-FR,0.193,0,9.6,TRUE
T900066152,C1024838,S2005656,2023-03-11 20:25:23,"Mar 11, 2023 08:25 PM",365,0,183.85,141.76,20,5,1,OP,wrong_item,gift_card,Mobile,Safari,IN,DL,0,0,0,4.96,INV3165,0.1337,0,approved,1,1,1,2,230.8.159.194,dev_hyw23iqusr,en-US,0.359,0,26.6,TRUE
T900065769,C1054433,S2008708,2023-07-15 11:28:34,2023-07-15 11:28:34,205,1,40.93,26.9,11,5,1,SAFE-T,not_as_described,card,Desktop,Edge,IN,TS,1,0,0,10.89,INV3337,0.2523,0,approved,1,1,2,1,168.15.126.54,dev_wumsti0gov,de-DE,0.184,0,0.3,TRUE
T900161210,C1002801,S2002390,2023-01-24 15:25:02,2023-01-24 15:25:02,337,0,46.57,49.91,15,1,0,SAFE-T,late_delivery,gift_card,Desktop,Chrome,UK,,0,0,0,3.2,INV3350,0.2833,1,denied,0,0,1,0,193.178.57.227,dev_nb6blfkkvi,fr-FR,0.217,0,7.9,TRUE
T900009434,C1024904,S2006516,2023-09-24 09:34:44,24/09/2023 09:34,403,1,68.78,28.09,9,6,1,SAFE-T,payment_issue,card,Mobile,Chrome,AE,,1,1,0,15.95,INV3215,0.2483,0,approved,1,1,1,0,21.105.30.35,dev_7ox3s3gxed,ar-AE,0.229,0,24.5,TRUE
T900011476,C1022301,S2004810,2024-04-09 01:14:00,2024-04-09 01:14:00,600,1,83.88,39.22,1,1,0,SAFE-T,item_not_received,upi,Mobile,Safari,US,CA,0,1,0,12.9,INV3168,0.3014,1,approved,1,1,1,1,63.98.249.131,dev_1oe4nbcgfw,en-GB,0.413,0,28.4,TRUE
T900067242,C1025190,S2007292,2023-08-24 09:20:56,"Aug 24, 2023 09:20 AM",276,0,5213.76,3916.45,9,3,0,SAFE-T,wrong_item,card,Desktop,Chrome,IN,DL,0,0,0,29.75,INV3269,0.2265,0,approved,1,1,0,2,168.171.238.71,dev_gaa8beiitn,en-US,0.433,0,38.3,FALSE
T900081114,C1056186,S2010943,2023-02-13 11:03:52,"Feb 13, 2023 11:03 AM",607,1,33.77,14.29,11,0,0,OTC,return_abuse,upi,MOBILE,Firefox,IN,KA,0,0,0,49.34,INV3193,0.1579,0,approved,1,1,1,1,157.46.97.192,dev_iqxggajj4s,en-GB,0.197,0,46.4,TRUE
T900057985,C1000003,S2005525,2024-06-10 13:52:49,2024-06-10 13:52:49,498,0,54.48,36.84,13,0,0,SAFE-T,not_as_described,card,Mobile,Safari,IN,UP,1,0,0,21.75,INV3288,0.2215,0,approved,1,1,0,2,158.174.170.106,dev_1ilw0e5xqk,en-US,0.209,0,16.8,FALSE
T900115522,C1008830,S2005212,2023-02-23 05:30:27,"Feb 23, 2023 05:30 AM",680,0,61.82,36.22,5,3,0,OP,not_as_described,cod,Desktop,Chrome,CA,,1,0,0,5.16,INV3173,0.0684,0,approved,1,1,0,0,102.133.254.182,dev_09f4a8kwa9,en-US,0.201,0,47.6,TRUE
T900061653,C1050707,S2004271,2023-09-04 20:26:48,04/09/2023 20:26,408,3,33.1,19.7,20,0,0,OTC,late_delivery,gift_card,Mobile,Safari,UK,WB,0,0,0,11.69,INV3290,0.2285,0,approved,1,1,4,0,135.76.176.121,dev_c4qsb46pag,ja-JP,0.228,0,15.6,TRUE
T900010010,C1028552,S2008745,2024-01-12 08:22:07,12/01/2024 08:22,319,1,189.28,106.4,8,4,0,OP,late_delivery,card,Mobile,Firefox,US,NY,0,0,0,34.29,INV3091,0.066,0,approved,1,1,1,1,196.159.94.84,dev_rrl1ez80vi,ar-AE,0.389,0,15.7,TRUE
T900071749,C1034890,S2010468,2024-01-17 03:32:47,17/01/2024 03:32,432,0,116.77,122.82,3,2,0,OP,return_abuse,cod,Desktop,Firefox,IN,TS,0,0,0,17.53,INV3045,0.2298,0,approved,1,0,0,2,224.158.152.134,dev_6790yij5ou,en-US,0.333,0,17.2,FALSE
T900058423,C1035230,S2005118,2024-04-03 06:54:01,"Apr 03, 2024 06:54 AM",373,0,108.34,81.96,6,2,0,OTC,not_as_described,nut_banking,DESKTOP,Safari,IN,KA,0,1,0,13.2,INV3182,0.0376,0,approved,1,1,0,1,215.186.4.172,dev_2moh5eafqz,en-IN,0.113,0,11.5,TRUE
T900030386,C1053380,S2001295,2024-02-04 17:42:53,04/02/2024 17:42,238,0,183.97,123.21,17,6,1,OTC,counterfeit,card,Mobile,Chrome,US,NY,0,0,0,,INV3267,0.1709,0,approved,1,1,1,3,254.27.249.156,dev_8z2h2cn29h,en-IN,0.2,0,154.4,FALSE
T900002865,C1002852,S2009426,2024-03-30 11:25:22,30/03/2024 11:25,503,1,103.8,61.02,11,5,1,OTC,item_not_received,wallet,Desktop,Chrome,US,PA,0,0,0,8.51,INV3089,0.1377,0,approved,1,1,2,1,51.92.19.109,dev_arskm3arih,en-IN,0.202,0,38.9,FALSE
T900062687,C1002900,S2005600,2024-05-08 07:37:30,"May 08, 2024 07:37 AM",383,2,173.8,80.27,7,2,0,OP,item_not_received,card,Desktop,Firefox,US,FL,0,0,1,,INV3033,0.1781,0,approved,1,1,2,2,219.63.63.245,dev_the9ai69m7,en-IN,0.186,1,9.8,FALSE
T900111618,C1043519,S2004622,2024-04-03 06:25:04,"Apr 03, 2024 06:25 AM",522,1,86.82,41.93,6,2,0,SAFE-T,payment_issue,card,Desktop,Chrome,UK,OH,0,1,0,13.18,INV3207,0.2912,1,approved,1,1,1,0,13.141.16.242,dev_bgzfj108qk,en-US,0.211,0,12.7,TRUE
T900057794,C1004741,S2001801,2023-12-30 06:44:57,"Dec 30, 2023 06:44 AM",431,0,46.35,0.0,6,5,1,SAFE-T,late_delivery,card,Mobile,Chrome,SG,WA,0,1,0,10.93,INV3183,0.2641,0,approved,0,0,0,1,149.88.243.65,dev_en4y4uiuf9,en-GB,0.408,0,161.1,TRUE
T900188131,C1014580,S2011196,2023-03-18 12:16:50,2023-03-18 12:16:50,354,1,30.59,16.6,12,5,1,OP,late_delivery,card,Desktop,Firefox,US,IL,0,1,0,13.56,INV3258,0.144,0,approved,1,1,1,2,60.156.139.254,dev_lpv9oz3tl4,en-US,0.167,0,14.6,No
T900037754,C1046448,S2005705,2023-04-09 09:20:46,"Apr 09, 2023 09:20 AM",484,0,77.16,65.74,9,6,1,OTC,wrong_item,gift_card,Desktop,Safari,IN,GJ,0,0,0,10.15,INV3051,0.1092,0,approved,1,1,0,1,52.35.138.11,dev_mbcrk73a97,en-IN,0.262,0,8.0,FALSE
T900173271,C1045903,S2004786,2024-03-14 23:16:42,2024-03-14 23:16:42,241,0,87.9,67.5,23,3,0,SAFE-T,damaged,net_banking,Mobile,Chrome,US,OH,1,0,0,19.08,INV3260,0.1625,0,approved,1,1,1,1,233.104.91.181,dev_dumn8x7bl0,en-GB,0.005,0,24.6,Yes
T900193475,C1058448,S2011849,2023-04-08 05:39:31,2023-04-08 05:39:31,539,2,28.23,12.26,5,5,1,OP,return_abuse,card,Tablet,Edge,IN,,0,0,0,40.14,INV3203,0.209,0,approved,1,1,2,1,65.102.221.253,dev_d2dcgzy215,en-US,0.056,0,24.7,TRUE
T900011107,C1001951,S2006467,2024-04-13 12:00:18,2024-04-13 12:00:18,199,8,37.38,27.93,12,5,1,OP,wrong_item,cod,Mobile,Safari,US,GA,0,0,1,26.98,INV3333,0.1896,0,approved,1,1,8,1,110.230.167.74,dev_8vm7t9iecf,en-US,0.174,1,11.9,FALSE
T900186923,C1027710,S2011969,2023-05-09 15:08:59,2023-05-09 15:08:59,356,0,53.29,58.99,15,1,0,OTC,late_delivery,upi,Tablet,Chrome,UK,TX,0,0,0,7.47,INV3039,0.0073,0,approved,1,0,0,3,13.43.44.168,dev_8bipsqyzdc,en-US,0.416,0,48.8,FALSE
T900060802,C1033790,S2009586,2023-04-10 11:08:24,2023-04-10 11:08:24,314,2,99.1,55.74,11,0,0,OP,return_abuse,card,Mobile,Chrome,IN,GJ,0,0,0,12.27,INV3271,0.1699,0,approved,1,1,2,3,57.45.188.44,dev_iyigzncuks,en-US,0.104,0,17.6,TRUE
T900024356,C1019332,S2011128,2023-06-08 16:07:45,08/06/2023 16:07,514,0,147.4,83.23,16,3,0,SAFE-T,item_not_received,card,Mobile,Chrome,US,NY,0,0,0,22.22,INV3189,0.3369,0,approved,1,1,1,1,53.82.229.90,dev_n7l93hsvgc,en-US,0.078,0,6.1,FALSE
T900033626,C1058967,S2008634,2024-04-24 05:38:51,24/04/2024 05:38,380,7,130.08,106.47,5,2,0,OP,counterfeit,upi,Desktop,Chrome,AU,DL,0,0,0,15.62,INV3336,0.2142,0,approved,1,1,8,0,6.48.210.127,dev_kzesulbe93,de-DE,0.186,0,9.5,FALSE
T900045228,C1015751,S2002880,2023-09-12 07:39:34,"Sep 12, 2023 07:39 AM",419,1,42.47,25.74,7,1,0,SAFE-T,wrong_item,gift_card,Mobile,Chrome,US,NY,0,0,0,17.22,INV3336,0.2502,0,approved,1,1,1,1,114.51.166.158,dev_rjyunu71cn,en-US,0.149,0,47.9,FALSE
T900144076,C1024002,S2005628,2024-06-15 10:17:51,15/06/2024 10:17,423,7,26.85,15.06,10,5,1,SAFE-T,late_delivery,card,Mobile,Chrome,UK,TX,0,0,0,6.99,INV3242,0.2808,1,denied,0,0,8,0,127.137.168.66,dev_d1p0a43j1n,ja-JP,0.373,0,3.3,No
T900032923,C1034684,S2011984,2023-04-21 19:32:50,21/04/2023 19:32,512,0,42.46,28.84,19,4,0,OP,payment_issue,upi,Mobile,Edge,UK,NY,0,0,0,29.73,INV3126,0.0655,0,approved,1,1,0,0,107.247.185.168,dev_8oikaxapma,en-US,0.177,0,1.5,FALSE
T900112827,C1015665,S2002390,2024-03-07 08:05:10,2024-03-07 08:05:10,341,2,131.25,53.74,8,3,0,SAFE-T,not_as_described,upi,Mobile,Chrome,SG,OH,0,0,0,8.88,INV3052,0.1822,0,approved,1,1,2,0,37.118.42.20,dev_daxvn9neoh,en-US,0.353,0,6.9,FALSE
T900131182,C1029110,S2007261,2023-08-25 18:16:20,25/08/2023 18:16,158,0,81.12,48.98,18,4,0,SAFE-T,return_abuse,cod,DESKTOP,Edge,US,FL,0,0,0,25.51,INV3343,0.3696,1,approved,1,1,0,2,33.127.21.217,dev_r5lwsvyeqg,en-US,0.243,0,3.3,TRUE
T900072344,C1009992,S2008690,2024-05-05 14:20:57,2024-05-05 14:20:57,403,1,41.76,32.17,14,6,1,SAFE-T,return_abuse,card,Mobile,Chrome,IN,TS,0,1,1,13.45,INV3202,0.3727,0,approved,1,1,1,1,67.110.4.31,dev_v7qcypbk6p,en-US,0.252,1,0.7,FALSE
T900036251,C1012281,S2000087,2023-08-23 10:21:33,2023-08-23 10:21:33,286,1,27.92,22.95,10,2,0,OP,counterfeiy,card,Mobile,Safari,CA,,0,0,0,32.91,INV3321,0.1612,0,approved,1,1,1,0,223.251.51.97,dev_dggrqzrvhx,ja-JP,0.089,0,6.0,FALSE
T900073421,C1010258,S2006803,2023-03-05 19:16:41,05/03/2023 19:16,750,0,26.71,16.96,19,6,1,OP,late_delivery,net_banking,Mobile,Chrome,IN,TS,0,1,0,11.71,INV3288,0.1162,0,approved,1,1,0,2,33.150.83.245,dev_6wkvt3oc1p,ar-AE,0.306,0,20.6,TRUE
T900148168,C1004713,S2001006,2023-12-31 17:28:02,"Dec 31, 2023 05:28 PM",345,0,83.94,0.0,17,6,1,SAFE-T,damaged,card,Desktop,,CA,,0,0,0,3.97,INV3118,0.2449,0,approved,0,0,1,0,153.45.160.239,dev_yn0frdaus8,en-US,0.073,0,111.2,FALSE
T900088224,C1007342,S2010123,2023-07-10 05:23:01,10/07/2023 05:23,325,1,215.49,202.46,5,0,0,OTC,not_as_described,card,Mobile,Chrome,CA,,1,1,0,14.54,INV3375,0.0855,0,approved,1,1,1,0,216.58.221.146,dev_54tcjh0b5r,en-US,0.186,0,15.3,No
T900025496,C1004930,S2002743,2023-02-10 23:43:01,10/02/2023 23:43,536,2,31.82,24.49,23,4,0,OP,return_abuse,upi,Mobile,Safari,DE,,0,0,0,14.83,INV3011,0.1269,0,approved,1,1,2,0,51.165.59.1,dev_42irjs2vfa,en-US,0.326,0,74.6,FALSE
T900147436,C1056096,S2008292,2023-12-16 04:40:33,16/12/2023 04:40,465,1,87.57,66.72,4,5,1,SAFE-T,payment_issue,card,Mobile,Safari,US,FL,0,1,0,13.28,INV3309,0.2187,0,approved,1,1,1,1,115.6.209.103,dev_m1l2vu3gq0,en-GB,0.138,0,91.7,TRUE
T900193745,C1055885,S2007737,2023-04-03 11:32:42,2023-04-03 11:32:42,431,0,145.34,115.53,11,0,0,OTC,late_delivery,card,Mobile,Safari,IN,MH,0,1,0,25.37,INV3238,0.0418,0,approved,1,1,0,1,138.221.116.119,dev_mxgzjyorj0,en-IN,0.408,0,4.8,FALSE
